trade_id,date,strategy,position_size,pnl,running_balance
1,2026-03-01,calibration,50.0,43.3303,543.3303
7,2026-03-09,calibration,54.333,0.0,543.3303
8,2026-03-09,calibration,54.333,0.0,543.3303
9,2026-03-09,calibration,54.333,0.0,543.3303
10,2026-03-09,calibration,54.333,0.0,543.3303
11,2026-03-09,calibration,54.333,0.0,543.3303
12,2026-03-09,calibration,54.333,0.0,543.3303
13,2026-03-09,calibration,54.333,0.0,543.3303
14,2026-03-09,calibration,54.333,0.0,543.3303
15,2026-03-09,calibration,54.333,0.0,543.3303
16,2026-03-09,calibration,54.333,0.0,543.3303
17,2026-03-09,calibration,54.333,0.0,543.3303
18,2026-03-09,calibration,54.333,0.0,543.3303
19,2026-03-09,calibration,54.333,0.0,543.3303
20,2026-03-09,calibration,54.333,0.0,543.3303
21,2026-03-09,calibration,54.333,0.0,543.3303
22,2026-03-09,calibration,54.333,0.0,543.3303
23,2026-03-09,calibration,54.333,0.0,543.3303
24,2026-03-09,calibration,54.333,0.0,543.3303
25,2026-03-09,calibration,54.333,0.0,543.3303
26,2026-03-09,calibration,54.333,0.0,543.3303
33,2026-03-09,calibration,54.333,0.0,543.3303
34,2026-03-09,calibration,54.333,0.0,543.3303
35,2026-03-09,calibration,54.333,0.0,543.3303
36,2026-03-09,calibration,54.333,0.0,543.3303
38,2026-03-09,calibration,54.333,0.0,543.3303
40,2026-03-09,calibration,54.333,0.0,543.3303
44,2026-03-09,calibration,54.333,0.0,543.3303
46,2026-03-09,calibration,54.333,0.0,543.3303
48,2026-03-09,calibration,54.333,0.0,543.3303
53,2026-03-09,calibration,54.333,0.0,543.3303
54,2026-03-09,calibration,54.333,0.0,543.3303
55,2026-03-09,calibration,54.333,0.0,543.3303
56,2026-03-09,calibration,54.333,0.0,543.3303
57,2026-03-09,calibration,54.333,0.0,543.3303
58,2026-03-09,calibration,54.333,0.0,543.3303
60,2026-03-09,calibration,54.333,0.0,543.3303
64,2026-03-09,calibration,54.333,0.0,543.3303
66,2026-03-09,calibration,54.333,0.0,543.3303
67,2026-03-09,calibration,54.333,0.0,543.3303
68,2026-03-09,calibration,54.333,0.0,543.3303
70,2026-03-09,calibration,54.333,0.0,543.3303
71,2026-03-09,calibration,54.333,0.0,543.3303
72,2026-03-09,calibration,54.333,0.0,543.3303
73,2026-03-09,calibration,54.333,0.0,543.3303
74,2026-03-09,calibration,54.333,0.0,543.3303
76,2026-03-09,calibration,54.333,0.0,543.3303
77,2026-03-09,calibration,54.333,0.0,543.3303
80,2026-03-09,calibration,54.333,0.0,543.3303
81,2026-03-09,calibration,54.333,0.0,543.3303
82,2026-03-09,calibration,54.333,0.0,543.3303
86,2026-03-09,calibration,54.333,0.0,543.3303
87,2026-03-09,calibration,54.333,0.0,543.3303
88,2026-03-09,calibration,54.333,0.0,543.3303
90,2026-03-09,calibration,54.333,0.0,543.3303
92,2026-03-09,calibration,54.333,0.0,543.3303
93,2026-03-09,calibration,54.333,0.0,543.3303
97,2026-03-09,calibration,54.333,0.0,543.3303
98,2026-03-09,calibration,54.333,0.0,543.3303
99,2026-03-09,calibration,54.333,0.0,543.3303
100,2026-03-09,calibration,54.333,0.0,543.3303
104,2026-03-09,calibration,54.333,0.0,543.3303
106,2026-03-09,calibration,54.333,0.0,543.3303
107,2026-03-09,calibration,54.333,0.0,543.3303
108,2026-03-09,calibration,54.333,0.0,543.3303
109,2026-03-09,calibration,54.333,0.0,543.3303
110,2026-03-09,calibration,54.333,0.0,543.3303
111,2026-03-09,calibration,54.333,0.0,543.3303
112,2026-03-09,calibration,54.333,0.0,543.3303
113,2026-03-08,calibration,54.333,38.7644,582.0947
114,2026-03-09,calibration,58.2095,0.0,582.0947
115,2026-03-09,calibration,58.2095,0.0,582.0947
116,2026-03-09,calibration,58.2095,0.0,582.0947
117,2026-03-08,calibration,58.2095,-20.4154,561.6793
118,2026-03-09,calibration,56.1679,0.0,561.6793
119,2026-03-08,calibration,56.1679,-49.255,512.4244
120,2026-03-09,calibration,51.2424,0.0,512.4244
121,2026-03-09,calibration,51.2424,0.0,512.4244
122,2026-03-09,calibration,51.2424,0.0,512.4244
123,2026-03-09,calibration,51.2424,0.0,512.4244
124,2026-03-09,calibration,51.2424,0.0,512.4244
125,2026-03-08,calibration,51.2424,2.4889,514.9132
127,2026-03-09,calibration,51.4913,0.0,514.9132
130,2026-03-09,calibration,51.4913,0.0,514.9132
132,2026-03-09,calibration,51.4913,0.0,514.9132
133,2026-03-09,calibration,51.4913,0.0,514.9132
136,2026-03-09,calibration,51.4913,0.0,514.9132
137,2026-03-09,calibration,51.4913,0.0,514.9132
138,2026-03-09,calibration,51.4913,0.0,514.9132
139,2026-03-09,calibration,51.4913,0.0,514.9132
140,2026-03-09,calibration,51.4913,0.0,514.9132
142,2026-03-09,calibration,51.4913,0.0,514.9132
143,2026-03-09,calibration,51.4913,0.0,514.9132
144,2026-03-09,calibration,51.4913,0.0,514.9132
145,2026-03-09,calibration,51.4913,0.0,514.9132
146,2026-03-09,calibration,51.4913,0.0,514.9132
147,2026-03-09,calibration,51.4913,0.0,514.9132
148,2026-03-09,calibration,51.4913,0.0,514.9132
149,2026-03-09,calibration,51.4913,0.0,514.9132
150,2026-03-09,calibration,51.4913,0.0,514.9132
151,2026-03-08,calibration,51.4913,0.0515,514.9647
152,2026-03-09,calibration,51.4965,0.0,514.9647
153,2026-03-09,calibration,51.4965,0.0,514.9647
154,2026-03-09,calibration,51.4965,0.0,514.9647
155,2026-03-09,calibration,51.4965,0.0,514.9647
156,2026-03-09,calibration,51.4965,0.0,514.9647
157,2026-03-09,calibration,51.4965,0.0,514.9647
158,2026-03-09,calibration,51.4965,0.0,514.9647
159,2026-03-09,calibration,51.4965,0.0,514.9647
160,2026-03-09,calibration,51.4965,0.0,514.9647
161,2026-03-09,calibration,51.4965,0.0,514.9647
164,2026-03-09,calibration,51.4965,0.0,514.9647
165,2026-03-09,calibration,51.4965,0.0,514.9647
168,2026-03-09,calibration,51.4965,0.0,514.9647
169,2026-03-09,calibration,51.4965,0.0,514.9647
170,2026-03-09,calibration,51.4965,0.0,514.9647
172,2026-03-09,calibration,51.4965,0.0,514.9647
173,2026-03-09,calibration,51.4965,0.0,514.9647
174,2026-03-09,calibration,51.4965,0.0,514.9647
175,2026-03-09,calibration,51.4965,0.0,514.9647
176,2026-03-09,calibration,51.4965,0.0,514.9647
177,2026-03-09,calibration,51.4965,0.0,514.9647
178,2026-03-09,calibration,51.4965,0.0,514.9647
179,2026-03-09,calibration,51.4965,0.0,514.9647
180,2026-03-09,calibration,51.4965,0.0,514.9647
181,2026-03-09,calibration,51.4965,0.0,514.9647
182,2026-03-09,calibration,51.4965,0.0,514.9647
183,2026-03-09,calibration,51.4965,0.0,514.9647
184,2026-03-09,calibration,51.4965,0.0,514.9647
185,2026-03-09,calibration,51.4965,0.0,514.9647
186,2026-03-09,calibration,51.4965,0.0,514.9647
187,2026-03-09,calibration,51.4965,0.0,514.9647
188,2026-03-09,calibration,51.4965,0.0,514.9647
189,2026-03-09,calibration,51.4965,0.0,514.9647
190,2026-03-09,calibration,51.4965,67.8314,582.7961
236,2026-03-09,calibration,58.2796,76.7662,659.5622
191,2026-03-09,calibration,65.9562,0.0,659.5622
192,2026-03-09,calibration,65.9562,0.0,659.5622
193,2026-03-09,calibration,65.9562,0.0,659.5622
194,2026-03-09,calibration,65.9562,0.0,659.5622
195,2026-03-09,calibration,65.9562,0.0,659.5622
196,2026-03-09,calibration,65.9562,0.0,659.5622
197,2026-03-09,calibration,65.9562,0.0,659.5622
198,2026-03-09,calibration,65.9562,0.0,659.5622
199,2026-03-09,calibration,65.9562,0.0,659.5622
200,2026-03-09,calibration,65.9562,0.0,659.5622
201,2026-03-09,calibration,65.9562,0.0,659.5622
202,2026-03-09,calibration,65.9562,0.0,659.5622
203,2026-03-09,calibration,65.9562,0.0,659.5622
204,2026-03-09,calibration,65.9562,0.0,659.5622
205,2026-03-09,calibration,65.9562,0.0,659.5622
206,2026-03-09,calibration,65.9562,0.0,659.5622
207,2026-03-09,calibration,65.9562,0.0,659.5622
208,2026-03-09,calibration,65.9562,0.0,659.5622
209,2026-03-09,calibration,65.9562,0.0,659.5622
210,2026-03-09,calibration,65.9562,0.0,659.5622
211,2026-03-09,calibration,65.9562,0.0,659.5622
212,2026-03-09,calibration,65.9562,0.0,659.5622
213,2026-03-09,calibration,65.9562,0.0,659.5622
214,2026-03-09,calibration,65.9562,0.0,659.5622
215,2026-03-09,calibration,65.9562,0.0,659.5622
216,2026-03-09,calibration,65.9562,0.0,659.5622
217,2026-03-09,calibration,65.9562,0.0,659.5622
218,2026-03-09,calibration,65.9562,0.0,659.5622
219,2026-03-09,calibration,65.9562,0.0,659.5622
220,2026-03-09,calibration,65.9562,0.0,659.5622
221,2026-03-09,calibration,65.9562,0.0,659.5622
222,2026-03-09,calibration,65.9562,0.0,659.5622
223,2026-03-09,calibration,65.9562,0.0,659.5622
224,2026-03-09,calibration,65.9562,0.0,659.5622
225,2026-03-09,calibration,65.9562,0.0,659.5622
226,2026-03-09,calibration,65.9562,0.0,659.5622
227,2026-03-09,calibration,65.9562,0.0,659.5622
228,2026-03-09,calibration,65.9562,0.0,659.5622
229,2026-03-09,calibration,65.9562,0.0,659.5622
230,2026-03-09,calibration,65.9562,0.0,659.5622
231,2026-03-09,calibration,65.9562,0.0,659.5622
232,2026-03-09,calibration,65.9562,0.0,659.5622
233,2026-03-09,calibration,65.9562,0.0,659.5622
234,2026-03-09,calibration,65.9562,0.0,659.5622
235,2026-03-09,calibration,65.9562,0.0,659.5622
237,2026-03-09,calibration,65.9562,0.0,659.5622
238,2026-03-09,calibration,65.9562,0.0,659.5622
239,2026-03-09,calibration,65.9562,0.0,659.5622
240,2026-03-09,calibration,65.9562,0.0,659.5622
241,2026-03-09,calibration,65.9562,0.0,659.5622
242,2026-03-09,calibration,65.9562,0.0,659.5622
243,2026-03-09,calibration,65.9562,0.0,659.5622
244,2026-03-09,calibration,65.9562,0.0,659.5622
245,2026-03-09,calibration,65.9562,0.0,659.5622
246,2026-03-09,calibration,131.9124,0.0,659.5622
247,2026-03-09,calibration,131.9124,0.0,659.5622
248,2026-03-09,calibration,131.9124,0.0,659.5622
249,2026-03-09,calibration,131.9124,0.0,659.5622
250,2026-03-09,calibration,131.9124,0.0,659.5622
251,2026-03-09,calibration,131.9124,0.0,659.5622
252,2026-03-09,calibration,131.9124,0.0,659.5622
253,2026-03-09,calibration,131.9124,0.0,659.5622
254,2026-03-09,calibration,131.9124,0.0,659.5622
255,2026-03-09,calibration,131.9124,0.0,659.5622
256,2026-03-09,calibration,131.9124,0.0,659.5622
257,2026-03-09,calibration,131.9124,0.0,659.5622
258,2026-03-09,calibration,131.9124,0.0,659.5622
259,2026-03-09,calibration,131.9124,0.0,659.5622
260,2026-03-09,calibration,131.9124,0.0,659.5622
261,2026-03-09,calibration,131.9124,0.0,659.5622
262,2026-03-09,calibration,131.9124,0.0,659.5622
263,2026-03-09,calibration,131.9124,0.0,659.5622
264,2026-03-09,calibration,131.9124,0.0,659.5622
265,2026-03-09,calibration,131.9124,0.0,659.5622
266,2026-03-09,calibration,131.9124,0.0,659.5622
267,2026-03-09,calibration,131.9124,0.0,659.5622
268,2026-03-09,calibration,131.9124,0.0,659.5622
269,2026-03-09,calibration,131.9124,0.0,659.5622
270,2026-03-09,calibration,131.9124,0.0,659.5622
271,2026-03-09,calibration,131.9124,0.0,659.5622
272,2026-03-09,calibration,131.9124,0.0,659.5622
273,2026-03-09,calibration,131.9124,0.0,659.5622
274,2026-03-09,calibration,131.9124,0.0,659.5622
275,2026-03-09,calibration,131.9124,0.0,659.5622
276,2026-03-09,calibration,131.9124,0.0,659.5622
277,2026-03-09,calibration,131.9124,0.0,659.5622
278,2026-03-09,calibration,131.9124,0.0,659.5622
279,2026-03-09,calibration,131.9124,0.0,659.5622
280,2026-03-09,calibration,131.9124,0.0,659.5622
281,2026-03-09,calibration,131.9124,0.0,659.5622
282,2026-03-09,calibration,131.9124,0.0,659.5622
283,2026-03-09,calibration,131.9124,0.0,659.5622
284,2026-03-09,calibration,131.9124,0.0,659.5622
285,2026-03-09,calibration,131.9124,0.0,659.5622
286,2026-03-09,calibration,131.9124,0.0,659.5622
287,2026-03-09,calibration,131.9124,0.0,659.5622
288,2026-03-09,calibration,131.9124,0.0,659.5622
289,2026-03-09,calibration,131.9124,0.0,659.5622
290,2026-03-09,calibration,131.9124,0.0,659.5622
291,2026-03-09,calibration,131.9124,0.0,659.5622
292,2026-03-09,calibration,131.9124,0.0,659.5622
293,2026-03-09,calibration,131.9124,0.0,659.5622
294,2026-03-09,calibration,131.9124,0.0,659.5622
295,2026-03-09,calibration,131.9124,0.0,659.5622
296,2026-03-09,calibration,131.9124,0.0,659.5622
297,2026-03-09,calibration,131.9124,0.0,659.5622
298,2026-03-09,calibration,131.9124,0.0,659.5622
299,2026-03-09,calibration,131.9124,0.0,659.5622
300,2026-03-09,calibration,131.9124,0.0,659.5622
301,2026-03-09,calibration,131.9124,0.0,659.5622
302,2026-03-09,calibration,131.9124,0.0,659.5622
303,2026-03-09,calibration,131.9124,0.0,659.5622
304,2026-03-09,calibration,131.9124,0.0,659.5622
305,2026-03-09,calibration,131.9124,0.0,659.5622
306,2026-03-09,calibration,131.9124,0.0,659.5622
307,2026-03-09,calibration,131.9124,0.0,659.5622
308,2026-03-09,calibration,131.9124,0.0,659.5622
309,2026-03-09,calibration,131.9124,0.0,659.5622
310,2026-03-09,calibration,131.9124,0.0,659.5622
311,2026-03-09,calibration,131.9124,0.0,659.5622
312,2026-03-09,calibration,131.9124,0.0,659.5622
313,2026-03-09,calibration,131.9124,0.0,659.5622
314,2026-03-09,calibration,131.9124,0.0,659.5622
315,2026-03-09,calibration,131.9124,0.0,659.5622
316,2026-03-09,calibration,131.9124,0.0,659.5622
317,2026-03-09,calibration,131.9124,0.0,659.5622
318,2026-03-09,calibration,131.9124,0.0,659.5622
319,2026-03-09,calibration,131.9124,0.0,659.5622
320,2026-03-09,calibration,131.9124,0.0,659.5622
321,2026-03-09,calibration,131.9124,0.0,659.5622
322,2026-03-09,calibration,131.9124,0.0,659.5622
323,2026-03-09,calibration,131.9124,0.0,659.5622
324,2026-03-09,calibration,131.9124,0.0,659.5622
325,2026-03-09,calibration,131.9124,0.0,659.5622
326,2026-03-09,calibration,131.9124,0.0,659.5622
327,2026-03-09,calibration,131.9124,0.0,659.5622
328,2026-03-09,calibration,131.9124,0.0,659.5622
329,2026-03-09,calibration,131.9124,0.0,659.5622
330,2026-03-09,calibration,131.9124,0.0,659.5622
331,2026-03-09,calibration,131.9124,0.0,659.5622
332,2026-03-09,calibration,131.9124,0.0,659.5622
333,2026-03-09,calibration,131.9124,0.0,659.5622
334,2026-03-09,calibration,131.9124,0.0,659.5622
335,2026-03-09,calibration,131.9124,0.0,659.5622
336,2026-03-09,calibration,131.9124,0.0,659.5622
337,2026-03-09,calibration,131.9124,0.0,659.5622
338,2026-03-09,calibration,131.9124,0.0,659.5622
339,2026-03-09,calibration,131.9124,0.0,659.5622
340,2026-03-09,calibration,131.9124,0.0,659.5622
341,2026-03-09,calibration,131.9124,0.0,659.5622
342,2026-03-09,calibration,131.9124,0.0,659.5622
343,2026-03-09,calibration,131.9124,0.0,659.5622
344,2026-03-09,calibration,131.9124,0.0,659.5622
345,2026-03-09,calibration,131.9124,0.0,659.5622
346,2026-03-09,calibration,131.9124,0.0,659.5622
347,2026-03-09,calibration,131.9124,0.0,659.5622
348,2026-03-09,calibration,131.9124,0.0,659.5622
349,2026-03-09,calibration,131.9124,0.0,659.5622
350,2026-03-09,calibration,131.9124,0.0,659.5622
351,2026-03-09,calibration,131.9124,0.0,659.5622
352,2026-03-09,calibration,131.9124,0.0,659.5622
353,2026-03-09,calibration,131.9124,0.0,659.5622
354,2026-03-09,calibration,131.9124,0.0,659.5622
355,2026-03-09,calibration,131.9124,0.0,659.5622
356,2026-03-09,calibration,131.9124,0.0,659.5622
357,2026-03-09,calibration,131.9124,0.0,659.5622
358,2026-03-09,calibration,131.9124,0.0,659.5622
359,2026-03-09,calibration,131.9124,0.0,659.5622
360,2026-03-09,calibration,131.9124,0.0,659.5622
361,2026-03-09,calibration,131.9124,0.0,659.5622
362,2026-03-09,calibration,131.9124,0.0,659.5622
363,2026-03-09,calibration,131.9124,0.0,659.5622
364,2026-03-09,calibration,131.9124,0.0,659.5622
365,2026-03-09,calibration,131.9124,0.0,659.5622
366,2026-03-09,calibration,131.9124,0.0,659.5622
367,2026-03-09,calibration,131.9124,0.0,659.5622
368,2026-03-09,calibration,131.9124,0.0,659.5622
369,2026-03-09,calibration,131.9124,0.0,659.5622
370,2026-03-10,calibration,131.9124,0.0,659.5622
371,2026-03-11,calibration,131.9124,0.0,659.5622
372,2026-03-10,calibration,131.9124,0.0,659.5622
373,2026-03-10,calibration,131.9124,0.0,659.5622
374,2026-03-10,calibration,131.9124,0.0,659.5622
375,2026-03-10,calibration,131.9124,131.8597,791.4219
376,2026-03-10,calibration,158.2844,158.2211,949.643
377,2026-03-10,calibration,189.9286,184.6486,1134.2916
378,2026-03-10,calibration,226.8583,181.4044,1315.696
379,2026-03-10,calibration,263.1392,210.416,1526.1119
380,2026-03-10,calibration,139.2776,36.8577,1562.9697
385,2026-03-10,calibration,142.6414,37.7479,1600.7176
381,2026-03-11,calibration,320.1435,95.3871,1696.1047
387,2026-03-11,calibration,339.2209,101.0712,1797.1759
382,2026-03-12,calibration,359.4352,185.1713,1982.3472
394,2026-03-11,calibration,396.4694,204.2503,2186.5975
383,2026-03-11,calibration,437.3195,199.2888,2385.8863
384,2026-03-10,calibration,477.1773,62.3446,2448.2309
386,2026-03-13,calibration,489.6462,0.0,2448.2309
388,2026-03-11,calibration,489.6462,-122.4115,2325.8193
390,2026-03-11,calibration,465.1639,-196.216,2129.6034
391,2026-03-13,calibration,425.9207,0.0,2129.6034
392,2026-03-13,calibration,425.9207,0.0,2129.6034
393,2026-03-11,calibration,425.9207,-118.9915,2010.6119
395,2026-03-13,calibration,402.1224,11.4655,2022.0774
396,2026-03-14,calibration,404.4155,-46.7664,1975.311
397,2026-03-13,calibration,151.9108,47.5883,2022.8993
398,2026-03-13,calibration,155.5706,70.8463,2093.7456
399,2026-03-13,calibration,418.7491,307.5039,2401.2495
400,2026-03-13,calibration,480.2499,613.7088,3014.9583
401,2026-03-13,calibration,602.9917,-46.1322,2968.8261
403,2026-03-13,calibration,593.7652,107.6352,3076.4613
776,2026-03-14,calibration,615.2923,-83.3435,2993.1178
777,2026-03-14,calibration,598.6236,85.5394,3078.6572
778,2026-03-14,calibration,615.7314,217.3207,3295.9779
779,2026-03-14,calibration,659.1956,519.6196,3815.5975
